name,yomi,pref,lat,lon,elev
利尻岳,りしりだけ,北海道,45.18042,141.24138,1721
羅臼岳,らうすだけ,北海道,44.07568,145.12224,1661
斜里岳,しゃりだけ,北海道,43.76567,144.71776,1547
雌阿寒岳,めあかんだけ,北海道,43.3865,144.00909,1499
大雪山(旭岳),たいせつざん,北海道,43.66354,142.85413,2291
トムラウシ山,とむらうしやま,北海道,43.52714,142.84858,2141
十勝岳,とかちだけ,北海道,43.41784,142.6863,2077
幌尻岳,ぽろしりだけ,北海道,42.71936,142.68286,2052
羊蹄山,ようていざん,北海道,42.8266,140.81147,1898
岩木山,いわきさん,青森県,40.6559,140.30303,1625
八甲田山,はっこうださん,青森県,40.65893,140.87721,1585
八幡平,はちまんたい,岩手県・秋田県,39.95597,140.85498,1613
岩手山,いわてさん,岩手県,39.85258,141.00114,2038
早池峰山,はやちねさん,岩手県,39.55835,141.48899,1917
鳥海山,ちょうかいさん,山形県・秋田県,39.09939,140.04886,2236
月山,がっさん,山形県,38.54556,140.02695,1984
大朝日岳,おおあさひだけ,山形県,38.26057,139.92225,1871
蔵王山(熊野岳),ざおうさん,山形県・宮城県,38.14396,140.43984,1841
飯豊山,いいでさん,福島県・山形県・新潟県,37.85486,139.70711,2105
西吾妻山,にしあづまやま,福島県・山形県,37.73815,140.14078,2035
安達太良山,あだたらやま,福島県,37.62113,140.28786,1700
磐梯山,ばんだいさん,福島県,37.60098,140.07226,1816
会津駒ヶ岳,あいづこまがたけ,福島県,37.04682,139.3539,2133
那須岳(茶臼岳),なすだけ,栃木県,37.12484,139.96313,1915
越後駒ヶ岳,えちごこまがたけ,新潟県,37.12361,139.07528,2003
平ヶ岳,ひらがたけ,新潟県・群馬県,37.00312,139.17223,2141
巻機山,まきはたやま,新潟県,36.97855,138.96441,1967
燧ヶ岳,ひうちがたけ,福島県,36.95507,139.28531,2356
至仏山,しぶつさん,群馬県,36.9035,139.17322,2228
谷川岳,たにがわだけ,群馬県・新潟県,36.83718,138.93017,1977
雨飾山,あまかざりやま,新潟県・長野県,36.90211,137.96259,1963
苗場山,なえばさん,新潟県・長野県,36.84599,138.69034,2145
妙高山,みょうこうさん,新潟県,36.89275,138.1132,2454
火打山,ひうちやま,新潟県,36.92268,138.06812,2462
高妻山,たかつまやま,新潟県・長野県,36.79998,138.05192,2353
男体山,なんたいさん,栃木県,36.76515,139.4908,2486
皇海山,すかいさん,栃木県・群馬県,36.68988,139.33692,2144
武尊山,ほたかやま,群馬県,36.80521,139.1326,2158
赤城山(黒檜山),あかぎさん,群馬県,36.56034,139.1933,1828
四阿山,あずまやさん,群馬県・長野県,36.54155,138.41254,2354
浅間山,あさまやま,群馬県・長野県,36.40657,138.52293,2568
筑波山,つくばさん,茨城県,36.22541,140.1068,877
白馬岳,しろうまだけ,長野県・富山県,36.75852,137.75848,2932
鹿島槍ヶ岳,かしまやりがたけ,長野県・富山県,36.62452,137.74697,2889
剱岳,つるぎだけ,富山県,36.62334,137.6172,2999
立山,たてやま,富山県,36.57594,137.61977,3015
薬師岳,やくしだけ,富山県,36.46886,137.54479,2926
黒部五郎岳,くろべごろうだけ,富山県・岐阜県,36.39257,137.5399,2840
水晶岳,すいしょうだけ,富山県,36.42714,137.60249,2986
鷲羽岳,わしばだけ,長野県・富山県,36.40302,137.60546,2924
槍ヶ岳,やりがたけ,長野県・岐阜県,36.34207,137.64771,3180
奥穂高岳,おくほたかだけ,長野県・岐阜県,36.28922,137.64798,3190
常念岳,じょうねんだけ,長野県,36.3255,137.72764,2857
笠ヶ岳,かさがたけ,岐阜県,36.31547,137.55035,2898
焼岳,やけだけ,長野県・岐阜県,36.22695,137.5871,2455
乗鞍岳,のりくらだけ,長野県・岐阜県,36.1065,137.55359,3026
御嶽山,おんたけさん,長野県・岐阜県,35.89305,137.48055,3067
美ヶ原(王ヶ頭),うつくしがはら,長野県,36.22582,138.10742,2034
霧ヶ峰(車山),きりがみね,長野県,36.10295,138.19666,1925
蓼科山,たてしなやま,長野県,36.10373,138.29503,2531
赤岳(八ヶ岳),あかだけ,長野県・山梨県,35.97089,138.37021,2899
両神山,りょうかみさん,埼玉県,36.02338,138.84121,1723
雲取山,くもとりやま,東京都・埼玉県・山梨県,35.85558,138.94393,2017
甲武信ヶ岳,こぶしがたけ,埼玉県・山梨県・長野県,35.90913,138.72887,2475
金峰山,きんぷさん,山梨県・長野県,35.87152,138.62537,2599
瑞牆山,みずがきやま,山梨県,35.89347,138.59209,2230
大菩薩嶺,だいぼさつれい,山梨県,35.74871,138.84548,2057
丹沢山,たんざわさん,神奈川県,35.47436,139.16263,1567
富士山,ふじさん,山梨県・静岡県,35.3606,138.7274,3776
天城山(万三郎岳),あまぎさん,静岡県,34.86278,139.00175,1406
木曽駒ヶ岳,きそこまがたけ,長野県,35.78983,137.80417,2956
空木岳,うつぎだけ,長野県,35.71905,137.81712,2864
恵那山,えなさん,長野県・岐阜県,35.44307,137.59792,2191
甲斐駒ヶ岳,かいこまがたけ,山梨県・長野県,35.7578,138.2365,2967
仙丈ヶ岳,せんじょうがたけ,長野県・山梨県,35.72012,138.18359,3033
鳳凰山(観音岳),ほうおうざん,山梨県,35.70181,138.3047,2841
北岳,きただけ,山梨県,35.67456,138.23878,3193
間ノ岳,あいのだけ,山梨県・静岡県,35.64602,138.22849,3190
塩見岳,しおみだけ,長野県・静岡県,35.57315,138.18364,3052
悪沢岳,わるさわだけ,静岡県,35.501,138.183,3141
赤石岳,あかいしだけ,長野県・静岡県,35.46117,138.1574,3121
聖岳,ひじりだけ,長野県・静岡県,35.42252,138.13964,3013
光岳,てかりだけ,長野県・静岡県,35.33818,138.0838,2591
白山,はくさん,石川県・岐阜県,36.15503,136.7715,2702
荒島岳,あらしまだけ,福井県,35.93432,136.60132,1523
伊吹山,いぶきやま,滋賀県・岐阜県,35.41786,136.40632,1377
大台ヶ原山,おおだいがはらやま,奈良県・三重県,34.18522,136.10923,1695
八経ヶ岳(大峰山),はっきょうがたけ,奈良県,34.17358,135.90754,1915
大山(伯耆),だいせん,鳥取県,35.37117,133.54633,1729
剣山,つるぎさん,徳島県,33.85361,134.09423,1955
石鎚山,いしづちさん,愛媛県,33.76698,133.1158,1982
九重山(中岳),くじゅうさん,大分県,33.08216,131.24088,1791
祖母山,そぼさん,大分県・宮崎県,32.8281,131.34695,1756
阿蘇山(高岳),あそさん,熊本県,32.88437,131.1039,1592
霧島山(韓国岳),きりしまやま,宮崎県・鹿児島県,31.93419,130.86163,1700
開聞岳,かいもんだけ,鹿児島県,31.18014,130.52838,924
宮之浦岳,みやのうらだけ,鹿児島県,30.33608,130.50411,1936
燕岳,つばくろだけ,長野県,36.40674,137.71275,2763
大天井岳,おてんしょうだけ,長野県,36.36499,137.70111,2922
蝶ヶ岳,ちょうがたけ,長野県,36.28748,137.72614,2677
唐松岳,からまつだけ,長野県・富山県,36.68717,137.75464,2696
爺ヶ岳,じいがたけ,長野県・富山県,36.58841,137.75082,2670
針ノ木岳,はりのきだけ,長野県・富山県,36.53808,137.68447,2821
西穂高岳,にしほたかだけ,長野県・岐阜県,36.27905,137.62904,2909
前穂高岳,まえほたかだけ,長野県,36.282,137.6605,3090
北穂高岳,きたほたかだけ,長野県・岐阜県,36.30256,137.65195,3106
双六岳,すごろくだけ,長野県・岐阜県,36.37188,137.58712,2860
三俣蓮華岳,みつまたれんげだけ,長野県・富山県・岐阜県,36.39001,137.58768,2841
野口五郎岳,のぐちごろうだけ,長野県・富山県,36.4327,137.63783,2924
餓鬼岳,がきだけ,長野県,36.44726,137.736,2647
霞沢岳,かすみざわだけ,長野県,36.22121,137.64056,2646
有明山,ありあけやま,長野県,36.39105,137.77068,2268
天狗岳(東天狗),てんぐだけ,長野県,36.0193,138.3554,2640
硫黄岳,いおうだけ,長野県,35.99881,138.36991,2760
横岳(八ヶ岳),よこだけ,長野県,35.98309,138.37428,2829
権現岳(八ヶ岳),ごんげんだけ,長野県・山梨県,35.95364,138.35962,2715
阿弥陀岳,あみだだけ,長野県,35.97253,138.35874,2805
編笠山,あみがさやま,長野県・山梨県,35.94173,138.34507,2524
縞枯山,しまがれやま,長野県,36.07533,138.33151,2403
入笠山,にゅうかさやま,長野県,35.89637,138.17164,1955
宝剣岳,ほうけんだけ,長野県,35.78143,137.8092,2931
高尾山,たかおさん,東京都,35.62523,139.24358,599
大岳山,おおだけさん,東京都,35.76524,139.13038,1266
三ツ峠山,みつとうげやま,山梨県,35.54926,138.8092,1785
塔ノ岳,とうのだけ,神奈川県,35.45422,139.1633,1491
蛭ヶ岳,ひるがたけ,神奈川県,35.48634,139.13893,1673
大山(丹沢),おおやま,神奈川県,35.44086,139.23116,1252
平標山,たいらっぴょうやま,新潟県・群馬県,36.81786,138.82188,1984
飯縄山,いいづなやま,長野県,36.73955,138.13369,1917
黒姫山,くろひめやま,長野県,36.81351,138.12714,2053
戸隠山,とがくしやま,長野県,36.77041,138.0551,1904
秋田駒ヶ岳,あきたこまがたけ,秋田県,39.76108,140.79937,1637
栗駒山,くりこまやま,岩手県・宮城県・秋田県,38.96107,140.78833,1626
焼石岳,やけいしだけ,岩手県,39.16369,140.82883,1547
森吉山,もりよしざん,秋田県,39.97673,140.54421,1454
船形山,ふながたやま,宮城県・山形県,38.45537,140.61985,1500
泉ヶ岳,いずみがたけ,宮城県,38.41155,140.70976,1172
大東岳,だいとうだけ,宮城県,38.30217,140.52356,1366
面白山,おもしろやま,山形県・宮城県,38.34868,140.52236,1264
屏風岳,びょうぶだけ,宮城県,38.09325,140.47664,1825
不忘山,ふぼうさん,宮城県,38.07567,140.47887,1705
一切経山,いっさいきょうざん,福島県,37.73539,140.24434,1949
由布岳,ゆふだけ,大分県,33.28228,131.39026,1583
日光白根山,にっこうしらねさん,栃木県・群馬県,36.7995,139.3756,2578
草津白根山(本白根山),くさつしらねさん,群馬県,36.6183,138.5275,2171
五竜岳,ごりゅうだけ,富山県・長野県,36.658,137.7535,2814
北横岳,きたよこだけ,長野県,36.087,138.3202,2480
櫛ヶ峯,くしがみね,青森県,40.60319,140.84248,1517
大尽山,おおづくしやま,青森県,41.29301,141.06838,828
縫道石山,ぬいどういしやま,青森県,41.31333,140.84719,626
吹越烏帽子,ふっこしえぼし,青森県,41.03745,141.31713,508
白地山,しろぢやま,秋田県,40.44729,140.78824,1034
大駒ヶ岳,おおこまがたけ,青森県,40.44996,141.01253,1144
三ッ岳,みっつだけ,青森県,40.45287,141.00145,1159
十和利山,とわりやま,青森県・秋田県,40.42699,140.98527,991
天狗岳(青森),てんぐだけ,青森県,40.52707,140.08436,958
小岳,こだけ,秋田県,40.43269,140.19774,1042
白神岳,しらかみだけ,青森県,40.50354,140.0187,1235
藤里駒ヶ岳,ふじさとこまがたけ,秋田県,40.41285,140.2512,1158
田代岳,たしろだけ,秋田県,40.42842,140.40879,1178
太平山,たいへいざん,秋田県,39.79694,140.31072,1170
秋田焼山,あきたやけやま,秋田県,39.96371,140.75717,1366
大白森,おおしろもり,岩手県・秋田県,39.84235,140.78666,1216
乳頭山,にゅうとうさん,岩手県・秋田県,39.805,140.83872,1478
和賀岳,わがだけ,岩手県・秋田県,39.57031,140.75431,1439
真昼岳,まひるだけ,岩手県・秋田県,39.44784,140.67659,1059
女神山,めがみやま,岩手県・秋田県,39.41692,140.67514,955
高松岳,たかまつだけ,秋田県,38.96765,140.60638,1348
虎毛山,とらげやま,秋田県,38.90445,140.61898,1432
女甑山,めこしきやま,秋田県・山形県,39.01989,140.31502,979
三ツ石山,みついしさん,岩手県,39.85123,140.89651,1466
七時雨山（南峰）,ななしぐれやま,岩手県,40.06925,141.10558,1063
安家森,あっかもり,岩手県,40.03814,141.54094,1239
姫神山,ひめかみさん,岩手県,39.84392,141.24675,1123
兜明神嶽,かぶとみょうじんだけ,岩手県,39.65603,141.3696,1005
薬師岳(岩手),やくしだけ,岩手県,39.52984,141.49575,1645
霞露ヶ岳,かろがたけ,岩手県,39.46803,142.03622,514
六角牛山,ろっこうしさん,岩手県,39.31825,141.65007,1294
五葉山,ごようざん,岩手県,39.20388,141.72912,1341
氷上山,ひかみさん,岩手県,39.05889,141.66048,875
牛形山,うしがたやま,岩手県,39.20169,140.86019,1340
神室山,かむろさん,秋田県・山形県,38.90233,140.49242,1365
小又山,こまたやま,山形県,38.86287,140.48564,1367
杢蔵山,もくぞうさん,山形県,38.78943,140.40133,1027
翁山,おきなさん,山形県,38.65076,140.54484,1075
甑岳,こしきだけ,山形県,38.48697,140.4474,1016
黒伏山,くろぶしやま,山形県,38.44714,140.53004,1227
葉山,はやま,山形県,38.52905,140.21055,1462
白鷹山,しらたかやま,山形県,38.22285,140.17338,994
摩耶山,まやさん,山形県,38.52014,139.72778,1020
以東岳,いとうだけ,山形県・新潟県,38.34294,139.84914,1771
祝瓶山,いわいがめやま,山形県,38.19767,139.87972,1417
北股岳,きたまただけ,山形県・新潟県,37.87991,139.63859,2025
栂峰,つがみね,山形県・福島県,37.82805,139.9375,1541
須金岳,すがねだけ,宮城県・秋田県,38.89209,140.65534,1253
禿岳,かむろだけ,宮城県・山形県,38.81093,140.59522,1262
仙台神室岳,せんだいかむろだけ,宮城県,38.25558,140.48541,1356
薬莱山,やくらいさん,宮城県,38.57553,140.70538,553
笹倉山,ささくらやま,宮城県,38.40525,140.81204,506
徳仙丈山,とくせんじょうさん,宮城県,38.84836,141.46987,711
金華山,きんかさん,宮城県,38.29526,141.56684,445
青麻山,あおそさん,宮城県,38.08472,140.60755,800
雁戸山,がんどさん,宮城県・山形県,38.19901,140.4774,1485
鹿狼山,かろうさん,宮城県・福島県,37.86155,140.86144,430
霊山,りょうぜん,福島県,37.76872,140.6872,825
鎌倉岳,かまくらだけ,福島県,37.46703,140.6889,967
大滝根山,おおたきねやま,福島県,37.355,140.70161,1193
蓬田岳,よもぎだだけ,福島県,37.26576,140.53466,952
二ッ箭山,ふたつやさん,福島県,37.17306,140.87049,710
東吾妻山,ひがしあづまやま,福島県,37.71163,140.23026,1975
額取山,ひたいとりやま,福島県,37.45027,140.22038,1009
二岐山,ふたまたやま,福島県,37.24638,139.96733,1544
三本槍岳,さんぼんやりだけ,福島県・栃木県,37.15014,139.96139,1917
小野岳,おのだけ,福島県,37.32587,139.88685,1383
博士山,はかせやま,福島県,37.36316,139.7148,1482
志津倉山,しづくらやま,福島県,37.36811,139.62772,1234
七ヶ岳,ななつがたけ,福島県,37.12417,139.65756,1636
荒海山,あらかいざん,福島県・栃木県,37.03614,139.64367,1581
田代山,たしろやま,福島県・栃木県,36.97434,139.47856,1971
御神楽岳,みかぐらだけ,新潟県,37.52189,139.42589,1387
蒲生岳,がもうだけ,福島県,37.38848,139.33553,828
浅草岳,あさくさだけ,福島県・新潟県,37.34358,139.23369,1586
会津朝日岳,あいづあさひだけ,福島県,37.22111,139.33953,1624
三岩岳,みついわだけ,福島県,37.08186,139.37982,2065
天塩岳,てしおだけ,北海道,43.964333,142.888083,1557
石狩岳,いしかりだけ,北海道,43.546611,143.02225,1967
ニペソツ山,にぺそつやま,北海道,43.455806,143.03225,2012
暑寒別岳,しょかんべつだけ,北海道,43.716,141.522917,1491
芦別岳,あしべつだけ,北海道,43.235778,142.283444,1726
夕張岳,ゆうばりだけ,北海道,43.099517506029,142.25096833485,1667
カムイエクウチカウシ山,かむいえくうちかうしやま,北海道,42.625028,142.7665,1979
ペテガリ岳,べてがりだけ,北海道,42.499222,142.870944,1736
樽前山,たるまえさん,北海道,42.690528,141.376611,1041
駒ヶ岳(北海道),こまがだけ,北海道,42.063361,140.67725,1131
えぶり差岳,えぶりさしだけ,新潟県,37.9426073787584,139.608856349291,1636
二王子岳,にのうじだけ,新潟県,37.899639,139.499194,1420
女峰山,にょほうさん,栃木県,36.811417,139.536472,2483
帝釈山,たいしゃくざん,福島県・栃木県,36.96975,139.460083,2060
守門岳,すもんだけ,新潟県,37.39775,139.1365,1537
八海山,はっかいさん,新潟県,37.103786319435,139.02403906613,1778
中ノ岳,なかのだけ,新潟県,37.085278,139.077611,2085
荒沢岳,あらさわだけ,新潟県,37.100556,139.148167,1968
仙ノ倉山,せんのくらやま,群馬県・新潟県,36.817528,138.839583,2026
佐武流山,さぶりゅうやま,新潟県・長野県,36.77225,138.670444,2192
白砂山,しらすなやま,群馬県・長野県,36.738083,138.6935,2140
鳥甲山,とりかぶとやま,長野県,36.839194,138.584056,2038
岩菅山,いわすげやま,長野県,36.741972,138.559611,2295
浅間隠山,あさまかくしやま,群馬県,36.453667,138.652389,1757
榛名山,はるなさん,群馬県,36.477352998191,138.85087108592,1449
妙義山,みょうぎさん,群馬県,36.298694,138.748778,1104
荒船山,あらふねやま,群馬県・長野県,36.203972,138.637139,1423
御座山,おぐらさん,長野県,36.034,138.606861,2112
乾徳山,けんとくさん,山梨県,35.822758445668,138.71483178212,2031
茅ヶ岳,かやがたけ,山梨県,35.795139,138.513833,1704
武甲山,ぶこうさん,埼玉県,35.951528,139.097917,1304
和名倉山(白石山),わなくらやま,埼玉県,35.899306,138.877944,2036
御正体山,みしょうたいやま,山梨県,35.486861,138.931583,1682
愛鷹山,あしたかやま,静岡県,35.238,138.794083,1504
毛無山,けなしやま,山梨県・静岡県,35.41575,138.543833,1964
雪倉岳,ゆきくらだけ,新潟県・富山県,36.794722,137.754139,2611
烏帽子岳,えぼしだけ,富山県・長野県,36.479444,137.650833,2628
赤牛岳,あかうしだけ,富山県,36.461694,137.603333,2864
毛勝山,けかちやま,富山県,36.701111,137.590833,2414
奥大日岳,おくだいにちだけ,富山県,36.598328413456,137.58087520028,2611
小秀山,こひでやま,長野県・岐阜県,35.785389,137.396972,1981
経ヶ岳(長野),きょうがたけ,長野県,35.91281625,137.86263297,2296
南駒ヶ岳,みなみこまがたけ,長野県,35.701528,137.810833,2841
安平路山,あんぺいじやま,長野県,35.6304181216,137.774364451,2363
鋸岳,のこぎりだけ,山梨県・長野県,35.779028,138.209972,2685
櫛形山,くしがたやま,山梨県,35.586833,138.369111,2052
農鳥岳,のうとりだけ,山梨県・静岡県,35.621278,138.236917,3026
上河内岳,かみこうちだけ,静岡県,35.389639,138.15275,2803
池口岳,いけぐちだけ,長野県・静岡県,35.330194,138.038333,2392
大無間山,だいむげんざん,静岡県,35.256028,138.161639,2329
笊ヶ岳,ざるがたけ,山梨県・静岡県,35.424083,138.259417,2629
七面山,しちめんざん,山梨県,35.369361,138.348861,1989
金剛堂山,こんごうどうざん,富山県,36.378917,137.048944,1650
位山,くらいやま,岐阜県,36.038139,137.196722,1529
笈ヶ岳,おいずるがだけ,富山県・石川県・岐阜県,36.298639,136.792306,1841
大日ヶ岳,だいにちがたけ,岐阜県,36.001472,136.837861,1709
能郷白山,のうごうはくさん,福井県・岐阜県,35.762306,136.514028,1617
御在所岳,ございしょだけ,三重県・滋賀県,35.020444,136.417667,1212
武奈ヶ岳,ぶながだけ,滋賀県,35.264583,135.896861,1214
金剛山,こんごうさん,奈良県,34.420811082165,135.6707915416,1125
釈迦ヶ岳,しゃかがだけ,奈良県,34.114444,135.903,1799
伯母子岳,おばこだけ,奈良県,34.0775,135.650806,1344
氷ノ山,ひょうのせん,兵庫県・鳥取県,35.354,134.513944,1509
蒜山(上蒜山),ひるぜん,鳥取県・岡山県,35.325111,133.663444,1202
三瓶山,さんべさん,島根県,35.140667,132.621611,1125
三嶺,みうね,徳島県・高知県,33.839444,133.987639,1893
東赤石山,ひがしあかいしやま,愛媛県,33.875,133.374917,1710
笹ヶ峰,ささがみね,愛媛県・高知県,33.828056,133.274639,1860
英彦山,ひこさん,福岡県,33.476361,130.925972,1199
雲仙岳,うんぜんだけ,長崎県,32.760028,130.292139,1359
大崩山,おおくえやま,宮崎県,32.737833,131.513167,1644
市房山,いちふさやま,熊本県・宮崎県,32.31175,131.100972,1720
尾鈴山,おすずやま,宮崎県,32.299278,131.4265,1405
高千穂峰,たかちほのみね,宮崎県,31.88625,130.919083,1573
ニセイカウシュッペ山,にせいかうしゅっぺやま,北海道,43.779917,142.985306,1883
オプタテシケ山,おぷたてしけやま,北海道,43.470222,142.751444,2012
神威岳,かむいだけ,北海道,42.428389,142.906778,1600
余市岳,よいちだけ,北海道,43.032722,141.019667,1488
ニセコアンヌプリ,にせこあんぬぷり,北海道,42.874944,140.658889,1308
狩場山,かりばやま,北海道,42.613278,139.940611,1520
大千軒岳,だいせんげんだけ,北海道,41.57925,140.160944,1072
八溝山,やみぞさん,福島県・茨城県,36.930056,140.273056,1022
男鹿岳,おがたけ,福島県・栃木県,37.085306,139.822,1777
高原山,たかはらやま,栃木県,36.900028,139.776722,1795
太郎山,たろうさん,栃木県,36.817806,139.482861,2368
袈裟丸山,けさまるやま,栃木県・群馬県,36.6495,139.327333,1961
新潟焼山,にいがたやけやま,新潟県,36.920833,138.036056,2400
粟ヶ岳,あわがたけ,新潟県,37.555222,139.188694,1292
朝日岳(谷川),あさひだけ,群馬県,36.880583,138.972639,1945
笠ヶ岳(志賀),かさがたけ,長野県,36.676694,138.481583,2076
横手山,よこてやま,群馬県・長野県,36.668917,138.525722,2305
金北山,きんぽくさん,新潟県,38.10375,138.349861,1172
米山,よねやま,新潟県,37.289417,138.484056,992
斑尾山,まだらおやま,長野県,36.8375,138.274361,1381
国師ヶ岳,こくしがたけ,山梨県・長野県,35.870972,138.672972,2592
三頭山,みとうさん,東京都,35.739056,139.013778,1531
黒岳,くろたけ,山梨県,35.552111,138.749361,1793
箱根山,はこねやま,神奈川県,35.233378411434,139.02086949329,1438
金時山,きんときやま,神奈川県・静岡県,35.289667,139.004889,1212
諏訪山,すわやま,群馬県,36.039923890088,138.72960932228,1549
青海黒姫山,おうみくろひめやま,新潟県,36.976639,137.789972,1221
朝日岳(白馬),あさひだけ,新潟県・富山県,36.826667,137.729972,2418
蓮華岳,れんげだけ,富山県・長野県,36.535861,137.710528,2799
鍬崎山,くわさきやま,富山県,36.540028,137.478056,2089
鉢盛山,はちもりやま,長野県,36.08675,137.754722,2447
鉢伏山,はちぶせやま,長野県,36.163139,138.059139,1929
奥三界岳,おくさんがいだけ,長野県・岐阜県,35.681528,137.50725,1810
越百山,こすもやま,長野県,35.679306,137.803333,2613
南木曽岳,なぎそだけ,長野県,35.592361,137.644194,1679
アサヨ峰,あさよみね,山梨県,35.731806,138.241361,2799
奥茶臼山,おくちゃうすやま,長野県,35.484889,138.069167,2473
茶臼岳(南アルプス),ちゃうすだけ,長野県・静岡県,35.369083,138.140528,2604
熊伏山,くまぶしやま,長野県,35.26325,137.895,1653
黒法師岳,くろぼうしがたけ,静岡県,35.196028,138.029444,2068
高塚山,たかつかやま,静岡県,35.1155,138.003611,1621
山伏,やんぶし,山梨県・静岡県,35.304361,138.28525,2013
白木峰,しらきみね,富山県・岐阜県,36.415583,137.112278,1596
人形山,にんぎょうやま,富山県・岐阜県,36.348917,136.939806,1726
猿ヶ馬場山,さるがばばやま,岐阜県,36.225889,136.942861,1875
川上岳,かおれだけ,岐阜県,36.008139,137.1495,1626
鷲ヶ岳,わしがたけ,岐阜県,35.940361,136.971472,1671
医王山,いおうぜん,富山県・石川県,36.512778,136.795917,939
大門山,だいもんざん,富山県・石川県,36.365306,136.803694,1571
大笠山,おおがさやま,富山県・石川県,36.320583,136.789528,1822
三方岩岳,さんぽういわだけ,石川県・岐阜県,36.258011307597,136.84420461136,1736
野伏ヶ岳,のぶせがだけ,福井県・岐阜県,36.012861,136.732333,1674
経ヶ岳(福井),きょうがだけ,福井県,36.046444,136.621778,1625
冠山,かんむりやま,福井県・岐阜県,35.779806,136.409306,1256
藤原岳,ふじわらだけ,三重県・滋賀県,35.158666048566,136.45281942293,1144
蓬莱山,ほうらいさん,滋賀県,35.209583,135.88575,1174
比叡山,ひえいざん,滋賀県・京都府,35.065722,135.834389,848
大和葛城山,やまとかつらぎさん,大阪府・奈良県,34.456056,135.682167,958
倶留尊山,くろそやま,三重県・奈良県,34.530778,136.170194,1037
三峰山,みうねやま,三重県・奈良県,34.448861,136.206306,1235
高見山,たかみやま,三重県・奈良県,34.428583,136.088528,1248
竜門岳,りゅうもんがだけ,奈良県,34.4405,135.897722,904
山上ヶ岳,さんじょうがたけ,奈良県,34.252472,135.941056,1719
護摩壇山,ごまだんざん,奈良県・和歌山県,34.0575,135.566917,1372
愛宕山,あたごやま,京都府,35.060167,135.634111,924
六甲山,ろっこうさん,兵庫県,34.777972,135.263889,931
扇ノ山,おうぎのせん,鳥取県,35.439833,134.440889,1310
那岐山,なぎさん,鳥取県・岡山県,35.17162133296,134.18030717462,1255
道後山,どうごやま,鳥取県・広島県,35.069556,133.232667,1271
伊予富士,いよふじ,愛媛県・高知県,33.788056,133.247972,1756
瓶ヶ森,かめがもり,愛媛県・高知県,33.794722,133.19325,1896
三本杭,さんぼんぐい,愛媛県,33.188389,132.635556,1226
篠山,ささやま,愛媛県・高知県,33.055611,132.659167,1065
脊振山,せふりさん,福岡県・佐賀県,33.436361,130.3685,1054
鶴見岳,つるみだけ,大分県,33.286667,131.429806,1375
涌蓋山,わいたざん,大分県,33.140028,131.164278,1499
大船山,だいせんざん,大分県,33.095028,131.280667,1786
多良岳,たらだけ,佐賀県・長崎県,32.975462961306,130.09251773357,996
傾山,かたむきやま,大分県,32.838944,131.475639,1605
国見岳,くにみだけ,熊本県・宮崎県,32.547,131.018472,1738
高隈山(大箆柄岳),たかくまやま,鹿児島県,31.486278,130.818528,1236
阿寒富士,あかんふじ,北海道,43.373990181102,144.00661374567,1476
黒岳(大雪山),くろだけ,北海道,43.697389334104,142.92028346792,1984
愛別岳,あいべつだけ,北海道,43.707736411558,142.85696345418,2113
白雲岳,はくうんだけ,北海道,43.661383048886,142.90600771594,2230
富良野岳,ふらのだけ,北海道,43.393529015108,142.63515683222,1912
楽古岳,らっこだけ,北海道,42.272422646616,143.11127379493,1471
アポイ岳,あぽいだけ,北海道,42.107844995918,143.02563751806,810
藻岩山,もいわやま,北海道,43.022392539639,141.32229655981,530
ホロホロ山,ほろほろやま,北海道,42.633488858037,141.14251373808,1322
神居尻山,かむいしりやま,北海道,43.500410770264,141.66267752095,947
剣山(北海道),つるぎさん,北海道,42.848508198471,142.88511584526,1205
風不死岳,ふっぷしだけ,北海道,42.716741823854,141.35888455385,1102
漁岳,いざりだけ,北海道,42.821115829119,141.23549538075,1317
燧岳,ひうちだけ,青森県,41.439099897085,141.05291985159,781
釜臥山,かまふせやま,青森県,41.278515904024,141.1199690942,879
階上岳,はしかみだけ,青森県・岩手県,40.400609158568,141.58438942504,740
折爪岳,おりつめだけ,岩手県,40.268648260868,141.37453104276,852
茶臼岳(八幡平),ちゃうすだけ,岩手県,39.95061845475,140.89888601256,1578
大深岳,おおふかだけ,岩手県・秋田県,39.880974145569,140.87971563939,1541
二ツ森,ふたつもり,青森県・秋田県,40.434900531423,140.11793134478,1086
吾妻小富士,あづまこふじ,福島県,37.722112161451,140.26357493588,1707
山形神室岳,やまがたかむろだけ,宮城県・山形県,38.250971,140.471181,1344
鞍掛山(岩手),くらかけやま,岩手県,39.820966641813,141.02307683902,897
中丸山,なかまるやま,山形県,38.135128786796,140.41882051581,1562
長井葉山,ながいはやま,山形県,38.180352700749,139.97901176238,1237
豪士山,ごうしさん,福島県,37.933965405094,140.28065969371,1022
地蔵岳,じぞうだけ,群馬県,36.541039564925,139.17733111361,1674
鬼怒沼山,きぬぬまやま,栃木県・群馬県,36.882622151573,139.37148535214,2140
晃石山,てるいしさん,栃木県,36.360164289698,139.67542113315,419
迦葉山,かしょうざん,群馬県,36.759081745412,139.06235575676,1332
根名草山,ねなくさやま,栃木県,36.842081,139.391317,2329
明神ヶ岳(日光),みょうじんがたけ,栃木県,36.929388325403,139.59993741699,1594
月山(栃木),がっさん,栃木県,36.845852506638,139.65931892395,1287
生瀬富士,なまえふじ,茨城県,36.771368031385,140.39783003973,406
鞍掛山(茨城),くらかけやま,茨城県,36.618464023673,140.6513848085,248
宝篋山,ほうきょうさん,茨城県,36.1675016,140.1300664,461
五頭山,ごずさん,新潟県,37.800824272225,139.34564263539,912
大源太山,だいげんたさん,新潟県,36.9025377,138.9271684,1598
白毛門,しらがもん,群馬県,36.85946984,138.9673162,1720
万太郎山,まんたろうさん,群馬県・新潟県,36.82407977,138.8792676,1954
根子岳,ねこだけ,長野県,36.549222,138.395194,2207
湯ノ丸山,ゆのまるやま,群馬県・長野県,36.434773,138.400995,2101
東篭ノ登山,ひがしかごのとやま,群馬県・長野県,36.419253230493,138.44718100727,2227
弥彦山,やひこやま,新潟県,37.704719456687,138.80917064607,634
角田山,かくだやま,新潟県,37.780603086409,138.83681629379,482
菅名岳,すがなだけ,新潟県,37.701555310015,139.28026101776,909
越後白山,えちごはくさん,新潟県,37.614436977917,139.19492125511,1012
大峰,おおみね,新潟県,36.92902855203,138.78315843318,1172
子持山,こもちやま,群馬県,36.591934954548,138.99780518519,1296
長峰山,ながみねやま,長野県,36.335788531901,137.94069522789,933
二子山,ふたごやま,埼玉県,36.069643528,138.863697611,1165
伊豆ヶ岳,いずがたけ,埼玉県,35.926811697953,139.16060094526,851
川苔山,かわのりやま,東京都,35.850694,139.106833,1363
飛龍山,ひりゅうやま,埼玉県・山梨県,35.839756234562,138.89220178127,2069
雁ヶ腹摺山,がんがはらすりやま,山梨県,35.686295016942,138.88471311451,1874
陣馬山,じんばさん,東京都・神奈川県,35.652111,139.166556,854
大室山,おおむろやま,神奈川県・山梨県,35.510949641243,139.06855369165,1587
節刀ヶ岳,せっとうがたけ,山梨県,35.528423177436,138.6835142322,1736
天子ヶ岳,てんしがたけ,静岡県,35.329100782145,138.53664412186,1330
玄岳,くろたけ,静岡県,35.081664,139.02825,798
堂平山,どうだいらさん,埼玉県,36.005722651758,139.19005515673,875
日和田山,ひわださん,埼玉県,35.89373487,139.3048232,305
笠取山,かさとりやま,埼玉県・山梨県,35.865370330248,138.81992161274,1953
天覧山,てんらんざん,埼玉県,35.862021880223,139.30822461326,197
棒ノ折山,ぼうのおれやま,埼玉県・東京都,35.85867479425,139.15508240461,969
御前山,ごせんやま,東京都,35.770044,139.080639,1405
竜ヶ岳(本栖湖),りゅうがたけ,山梨県,35.446762192196,138.58340348041,1485
鍋割山,なべわりやま,神奈川県,35.443756,139.141383,1272
鋸山(千葉),のこぎりやま,千葉県,35.160341286134,139.84091224525,329
岩茸石山,いわたけいしやま,東京都,35.830672559058,139.1787906913,793
高水山,たかみずさん,東京都,35.828746499717,139.18901040962,759
惣岳山,そうだけさん,東京都,35.818940564786,139.17781877519,756
八丈富士,はちじょうふじ,東京都,33.136944,139.766,854
円海山,えんかいざん,神奈川県,35.361085266739,139.59397050204,153
大平山,おおひらやま,神奈川県,35.337555867494,139.57241757416,159
衣張山,きぬばりやま,神奈川県,35.316928915758,139.56715289287,122
谷急山,やきゅうさん,群馬県,36.303940865935,138.69920412148,1162
鐘撞堂山,かねつきどうやま,埼玉県,36.134461599976,139.18065726757,330
飯盛山,めしもりやま,長野県,35.919399861718,138.47416248321,1643
黒金山,くろがねやま,山梨県,35.84120745,138.7097632,2232
御岳山,みたけさん,東京都,35.782853,139.149514,929
鋸山(奥多摩),のこぎりやま,東京都,35.779209318085,139.10589088989,1109
浅間嶺,せんげんれい,東京都,35.720056638447,139.1022622878,903
扇山,おうぎやま,山梨県,35.637389,139.013778,1138
滝子山,たきごやま,山梨県,35.630323343708,138.85102519301,1615
高川山,たかかわやま,山梨県,35.586005569806,138.9018131782,975
王岳,おうだけ,山梨県,35.513220585504,138.64488959206,1623
景信山,かげのぶやま,東京都・神奈川県,35.645958,139.215825,727
小仏城山,こぼとけしろやま,東京都・神奈川県,35.629804665628,139.22113668707,670
杓子山,しゃくしやま,山梨県,35.485192,138.866175,1597
石割山,いしわりやま,山梨県,35.450430269026,138.90125431906,1413
三国山,みくにやま,神奈川県・山梨県・静岡県,35.400549222639,138.91679575095,1328
鷹巣山,たかのすやま,神奈川県,35.226849353973,139.05423939228,834
明神ヶ岳(箱根),みょうじんがたけ,神奈川県,35.279469,139.052514,1169
檜洞丸,ひのきぼらまる,神奈川県,35.478945069183,139.10280726572,1601
天覚山,てんかくさん,埼玉県,35.886715298793,139.24922278337,445
多峯主山,とうのすやま,埼玉県,35.868153291758,139.29801003874,270
元清澄山,もときよすみやま,千葉県,35.175287776626,140.096059799,344
伊予ヶ岳,いよがたけ,千葉県,35.107292,139.914019,336
富山,とみさん,千葉県,35.098889,139.8815,349
大日山(千葉),だいにちやま,千葉県,35.075167628154,139.93759810925,333
三原山,みはらやま,東京都,33.092053799073,139.81221816727,701
天上山,てんじょうさん,東京都,34.219535116739,139.15313873605,572
御山(御蔵島),おやま,東京都,33.874386382179,139.6018547565,851
大凸部,おおとんぶ,東京都,32.458471811366,139.7593025502,423
三日月山,みかづきやま,東京都,27.097920094822,142.18826115131,174
高山,たかやま,東京都,27.051043265526,142.19361800577,229
乳房山,ちぶさやま,東京都,26.65951165029,142.16151139923,462
小蓮華山,これんげさん,新潟県・長野県,36.773597156286,137.77622567897,2766
白馬乗鞍岳,はくばのりくらだけ,長野県,36.782556846126,137.80146262833,2456
白馬鑓ヶ岳,はくばやりがたけ,富山県・長野県,36.73135867465,137.75530950734,2903
祖父岳,じいだけ,富山県,36.411128242228,137.59128114807,2825
僧ヶ岳,そうがだけ,富山県,36.761729202924,137.56373160846,1855
大日岳(立山),だいにちだけ,富山県,36.599297792064,137.54996148494,2501
真砂岳,まさごだけ,富山県,36.586624016856,137.61998468812,2861
浄土山,じょうどさん,富山県,36.568426035812,137.60373294353,2831
北ノ俣岳,きたのまただけ,富山県・岐阜県,36.421152917571,137.51228959793,2662
錫杖岳,しゃくじょうだけ,岐阜県,36.281856796757,137.54728097395,2168
南岳,みなみだけ,長野県・岐阜県,36.318765763864,137.65074306482,3032
涸沢岳,からさわだけ,長野県・岐阜県,36.296465663008,137.64666136118,3110
中山,なかやま,富山県,36.639257346267,137.5531083865,1255
西岳(八ヶ岳),にしだけ,長野県,35.949928882455,138.33498028045,2398
三ツ頭,みつがしら,山梨県,35.942181157683,138.36409505794,2580
三ノ沢岳,さんのさわだけ,長野県,35.766658573527,137.79409457823,2846
にゅう,にゅう,長野県,36.03955401393,138.3703521809,2351
霧訪山,きりとうやま,長野県,36.063968694444,137.95105075,1305
栗沢山,くりさわやま,山梨県,35.737882022922,138.23416003155,2714
荒川中岳,あらかわなかだけ,静岡県,35.497102436382,138.16841840744,3083
守屋山,もりやさん,長野県,35.967516051152,138.09348082109,1650
日向山,ひなたやま,山梨県,35.801814656347,138.27320330729,1660
朝日岳(寸又峡),あさひだけ,静岡県,35.206865492579,138.1322979169,1826
鞍掛山(山梨),くらかけさん,山梨県,35.790946957413,138.25434825608,2037
御池山,おいけやま,長野県,35.408875884886,138.00902269073,1905
鳳来寺山,ほうらいじさん,愛知県,34.982814845912,137.58298343234,695
猿投山,さなげやま,愛知県,35.205896311501,137.16675261005,629
石動山,せきどうさん,石川県,36.965529855983,136.97100300305,564
別山(白山),べっさん,石川県・岐阜県,36.105289113372,136.76579126627,2399
赤兎山,あかうさぎやま,石川県・福井県,36.067447053108,136.66186202621,1628
霊仙山,りょうぜんざん,滋賀県,35.280458,136.376764,1083
御池岳,おいけがたけ,滋賀県,35.178974411689,136.41481161118,1247
竜ヶ岳(鈴鹿),りゅうがだけ,三重県・滋賀県,35.119265375428,136.44516275379,1099
青葉山,あおばやま,福井県,35.505108,135.483797,693
奥獅子吼山,おくししくやま,石川県,36.417526812271,136.66772506424,928
富士写ヶ岳,ふじしゃがだけ,石川県,36.188578,136.363872,941
取立山,とりたてやま,福井県,36.10679189326,136.60889233632,1307
金比羅山,こんぴらやま,岐阜県,35.428243765608,136.94547146833,382
釈迦ヶ岳(鈴鹿),しゃかがだけ,三重県・滋賀県,35.06565,136.441544,1092
入道ヶ岳,にゅうどうがたけ,三重県,34.973856881712,136.43384164713,906
宝達山,ほうだつさん,石川県,36.781919,136.813053,637
遣水観音山,やりみずかんのんやま,石川県,36.398853096449,136.56655574218,402
銚子ヶ峰,ちょうしがみね,岐阜県,36.061687904157,136.7655539034,1810
大日山(加賀),だいにちざん,石川県,36.162036499851,136.49331710526,1368
銀杏峰,げなんぽ,福井県,35.88645044386,136.46491478209,1441
越知山,おちさん,福井県,35.999921333242,136.03204689213,612
横山岳,よこやまだけ,滋賀県,35.601502401591,136.26161584849,1131
岩籠山,いわごもりやま,福井県,35.582406419652,136.07876251462,765
赤坂山,あかさかやま,福井県・滋賀県,35.520077281005,136.02338948783,823
綿向山,わたむきやま,滋賀県,35.013690972968,136.34160561653,1110
雨乞岳,あまごいだけ,滋賀県,35.02107525,136.384117556,1238
金華山(岐阜),きんかざん,岐阜県,35.433338289672,136.7814374857,328
八木山,やぎやま,岐阜県,35.415080338229,136.92902537131,296
音羽富士,おとわふじ,愛知県,34.886536812462,137.32081077286,381
粟ヶ岳(静岡),あわがたけ,静岡県,34.841641267272,138.06727589923,532
竜爪山,りゅうそうざん,静岡県,35.088198447783,138.40357104055,1051
十枚山,じゅうまいざん,山梨県・静岡県,35.253600826743,138.37804076465,1726
生駒山,いこまやま,大阪府・奈良県,34.678453130032,135.67929241664,642
岩湧山,いわわきさん,大阪府,34.374025772934,135.55100193522,897
大普賢岳,だいふげんだけ,奈良県,34.227804707031,135.96274363243,1780
弥山(大峰),みせん,奈良県,34.179952919072,135.9093696868,1895
烏帽子山,えぼしやま,和歌山県,33.696092452304,135.9008278627,909
金糞岳,かなくそだけ,岐阜県・滋賀県,35.550108859779,136.33708819739,1317
池田山,いけだやま,岐阜県,35.440951873524,136.51696430306,923
蛇谷ヶ峰,じやたにがみね,滋賀県,35.320382699869,135.92861766752,901
笹間ヶ岳,ささまがだけ,滋賀県,34.918307376818,135.93932507076,432
妙見山,みょうけんさん,大阪府・兵庫県,34.928697538548,135.46747235717,659
箕面山,みのおさん,大阪府,34.850313726494,135.46899393231,355
摩耶山(六甲),まやさん,兵庫県,34.732895389409,135.20421357369,702
河内飯盛山,かわちいいもりやま,大阪府,34.726436138269,135.65368021499,314
高安山,たかやすやま,大阪府・奈良県,34.616893924674,135.65754868794,487
高尾山(大阪),たかおやま,大阪府,34.592089151889,135.64075907731,278
経ヶ峰,きょうがみね,三重県,34.766454496504,136.37443900108,819
長坂山,ながさかやま,三重県,34.5626297685079,136.081619,585
局ヶ岳,つぼねがだけ,三重県,34.460352873809,136.32706043812,1029
明神平,みょうじんだいら,三重県・奈良県,34.366531807231,136.0904493928,1323
天和山,てんなさん,奈良県,34.187476942919,135.83862524795,1284
朝熊ヶ岳,あさまがたけ,三重県,34.460853438074,136.78136979711,555
立烏帽子山,たてえぼしやま,広島県,35.05189584865,133.06548882695,1299
恐羅漢山,おそらかんざん,島根県・広島県,34.595319706843,132.12968863382,1346
弥山(宮島),みせん,広島県,34.279583282952,132.31957197189,535
竜王山,りゅおうざん,徳島県・香川県,34.115420497612,134.0482231063,1059
稲叢山,いなむらやま,高知県,33.747049,133.359319,1506
大峯山,おおみねやま,広島県,34.415744092683,132.21693456173,1050
紫雲出山,しうでやま,香川県,34.243594729698,133.59582602978,352
沓掛山,くつかけやま,愛媛県,33.84918954621,133.27005409542,1691
平家平,へいけだいら,愛媛県・高知県,33.814668262905,133.32647863787,1693
赤星山,あかぼしやま,愛媛県,33.919267552347,133.45802330318,1453
横倉山,よこぐらやま,高知県,33.535012528656,133.20327488013,800
梶ヶ森,かじがもり,高知県,33.759268379917,133.75156581402,1400
工石山,くいしやま,高知県,33.669034334253,133.50683569908,1176
粟ヶ岳(山口),あわがたけ,山口県,34.184135344349,131.515853405,248
吉和冠山,よしわかんむりやま,広島県,34.468585163022,132.07613506726,1338
深入山,しんにゅうざん,広島県,34.649929892148,132.20676684301,1152
火山,ひやま,広島県,34.453897814038,132.43374117273,488
絵下山,えげさん,広島県,34.319055494526,132.53969375475,593
白木山,しらきやま,広島県,34.52132356752,132.5754747235,889
比婆山,ひばやま,広島県,35.06498881009,133.05634349379,1260
泉山,いずみがせん,岡山県,35.202036697943,133.95964355363,1208
三徳山,みとくさん,鳥取県,35.385945899259,133.96350006734,899
大江山,おおえやま,京都府,35.453451390526,135.10669646172,832
岩屋山,いわややま,兵庫県,35.23546992426,134.97709631894,718
五台山,ごだいさん,兵庫県,35.223102928028,135.06860956324,655
福智山,ふくちやま,福岡県,33.742224600741,130.80387633835,900
天山,てんざん,佐賀県,33.338920505749,130.14292895351,1046
紫尾山,しびさん,鹿児島県,31.980752996145,130.36784239107,1066
甫与志岳,ほよしだけ,鹿児島県,31.264145026018,130.99010753623,967
野間岳,のまだけ,鹿児島県,31.40447043284,130.15818408973,591
宝満山,ほうまんざん,福岡県,33.539796806898,130.5690478855,829
高城山,たかじょうやま,福岡県,33.768401354802,130.95276281216,419
十坊山,とんぼやま,福岡県・佐賀県,33.472530030531,130.06817139098,535
金立山,きんりゅうさん,佐賀県,33.346485319995,130.30313016176,502
鞍岳,くらだけ,熊本県,32.953251255721,130.93385149646,1117
阿蘇根子岳,あそねこだけ,熊本県,32.885187216262,131.15087006778,1408
於茂登岳,おもとだけ,沖縄県,24.427074615047,124.18337111528,526
作礼山,さくれいざん,佐賀県,33.356952713949,130.06593367459,887
鏡山,かがみやま,佐賀県,33.4294907728959,130.023958,284
